Nama Produk,Merek,Harga,Link Produk
ALAND A LOGO STRIPED POCKET T-SHIRT M/GREY,ALAND,399000,https://a-land.id/id/products/aland-a-logo-striped-pocket-t-shirt-m-grey
ALAND A LOGO STRIPED POCKET T-SHIRT NAVY,ALAND,399000,https://a-land.id/id/products/aland-a-logo-striped-pocket-t-shirt-navy
ALAND FISH WAPPEN STRIPED  HOODY ZIP-UP PINK,ALAND,999000,https://a-land.id/id/products/aland-fish-wappen-striped-hoody-zip-up-pink
ALAND RUN A MAN GRAPHIC T-SHIRT IVORY,ALAND,399000,https://a-land.id/id/products/aland-run-a-man-graphic-t-shirt-ivory
ALAND RUN A MAN GRAPHIC T-SHIRT BLACK,ALAND,399000,https://a-land.id/id/products/aland-run-a-man-graphic-t-shirt-black
ALAND RUN A MAN GRAPHIC T-SHIRT L/BLUE,ALAND,399000,https://a-land.id/id/products/aland-run-a-man-graphic-t-shirt-l-blue
LACE SHIRRING LAYERED DRESS WHITE,FANCY CLUB,799000,https://a-land.id/id/products/lace-shirring-layered-dress-white
LACE SHIRRING LAYERED DRESS BLACK,FANCY CLUB,799000,https://a-land.id/id/products/lace-shirring-layered-dress-black
REBIRTH OF HEAVEN TEE BLACK,FANCY CLUB,699000,https://a-land.id/id/products/rebirth-of-heaven-tee-black
REBIRTH OF HEAVEN TEE PINK,FANCY CLUB,699000,https://a-land.id/id/products/rebirth-of-heaven-tee-pink
REBIRTH OF HEAVEN TEE BLUE,FANCY CLUB,699000,https://a-land.id/id/products/rebirth-of-heaven-tee-blue
ROSARY NOIRER TEE WHITE,FANCY CLUB,789000,https://a-land.id/id/products/rosary-noirer-tee-white
ROSARY NOIRER TEE BLACK,FANCY CLUB,789000,https://a-land.id/id/products/rosary-noirer-tee-black
CASCADE NYLON SKIRT BLACK,3.3 FIELD TRIP,599900,https://a-land.id/id/products/cascade-nylon-skirt-black
CASCADE NYLON SKIRT L/PINK,3.3 FIELD TRIP,599900,https://a-land.id/id/products/cascade-nylon-skirt-l-pink
CASCADE NYLON SKIRT IVORY,3.3 FIELD TRIP,599900,https://a-land.id/id/products/cascade-nylon-skirt-ivory
RINGLE HIGH SOCKS BLACK,3.3 FIELD TRIP,59000,https://a-land.id/id/products/ringle-high-socks-black
RINGLE HIGH SOCKS IVORY,3.3 FIELD TRIP,59000,https://a-land.id/id/products/ringle-high-socks-ivory
RINGLE HIGH SOCKS BLUE,3.3 FIELD TRIP,59000,https://a-land.id/id/products/ringle-high-socks-blue
ALAND FISH WAPPEN STRIPED  HOODY ZIP-UP M/GREY,ALAND,999000,https://a-land.id/id/products/aland-fish-wappen-striped-hoody-zip-up-m-grey
M STAR TANK TOP WHITE,MAHAGRID,579900,https://a-land.id/id/products/m-star-tank-top-white
M STAR TANK TOP BLACK,MAHAGRID,579900,https://a-land.id/id/products/m-star-tank-top-black
TATTOO TEE BLACK,MAHAGRID,799900,https://a-land.id/id/products/tattoo-tee-black
ONLY M BALLCAP BLACK,MMLG,599000,https://a-land.id/id/products/only-m-ballcap-black
ONLY M BALLCAP RED,MMLG,599000,https://a-land.id/id/products/only-m-ballcap-red
ONLY M BALLCAP BEIGE,MMLG,599000,https://a-land.id/id/products/only-m-ballcap-beige
ONLY M BALLCAP NAVY,MMLG,599000,https://a-land.id/id/products/only-m-ballcap-navy
GHOSTSOULGIRL GYARU BIG BIG TEE WHITE,NICE GHOST CLUB,989900,https://a-land.id/id/products/ghostsoulgirl-gyaru-big-big-tee-white
RUNNER'S WIND JACKET L/GREY,ROMANTIC CROWN,1899000,https://a-land.id/id/products/runners-wind-jacket-l-grey
SHINING LOGO FOOTBALL JERSEY WHITE,ROMANTIC CROWN,849900,https://a-land.id/id/products/shining-logo-football-jersey-white
SHINING LOGO FOOTBALL JERSEY BLACK,ROMANTIC CROWN,849900,https://a-land.id/id/products/shining-logo-football-jersey-black
SHINING LOGO FOOTBALL JERSEY GREEN,ROMANTIC CROWN,849900,https://a-land.id/id/products/shining-logo-football-jersey-green
SHIRRING BALLOON SKIRT WHITE,ROMANTIC CROWN,999000,https://a-land.id/id/products/shirring-balloon-skirt-white
SHIRRING BALLOON SKIRT BLACK,ROMANTIC CROWN,999000,https://a-land.id/id/products/shirring-balloon-skirt-black
RIPLEY CHECKED SHIRRING SHIRT BLACK,3.3 FIELD TRIP,679900,https://a-land.id/id/products/ripley-checked-shirring-shirt-black
RIPLEY CHECKED SHIRRING SHIRT LIGHT BLUE,3.3 FIELD TRIP,679900,https://a-land.id/id/products/ripley-checked-shirring-shirt-light-blue
VINTAGE HOTEL HALF SLEEVE T-SHIRT IVORY,3.3 FIELD TRIP,409900,https://a-land.id/id/products/vintage-hotel-half-sleeve-t-shirt-ivory
VINTAGE HOTEL HALF SLEEVE T-SHIRT NAVY,3.3 FIELD TRIP,409900,https://a-land.id/id/products/vintage-hotel-half-sleeve-t-shirt-navy
VINTAGE RIBBON HALF SLEEVE T-SHIRT OATMEAL,3.3 FIELD TRIP,349900,https://a-land.id/id/products/vintage-ribbon-half-sleeve-t-shirt-oatmeal
ONLY M BALLCAP BLUE,MMLG,599000,https://a-land.id/id/products/only-m-ballcap-blue
VINTAGE RIBBON HALF SLEEVE T-SHIRT CHARCOAL,3.3 FIELD TRIP,349900,https://a-land.id/id/products/vintage-ribbon-half-sleeve-t-shirt-charcoal
GLOSSY FABRIC CAP BLACK,3.3 FIELD TRIP,409900,https://a-land.id/id/products/glossy-fabric-cap-black
GLOSSY FABRIC CAP PINK,3.3 FIELD TRIP,409900,https://a-land.id/id/products/glossy-fabric-cap-pink
GLOSSY FABRIC CAP SILVER,3.3 FIELD TRIP,409900,https://a-land.id/id/products/glossy-fabric-cap-silver
CREASE BANDING PANTS MELANGE GREY,3.3 FIELD TRIP,409900,https://a-land.id/id/products/crease-banding-pants-melange-grey
CREASE BANDING PANTS BLACK,3.3 FIELD TRIP,409900,https://a-land.id/id/products/crease-banding-pants-black
CREASE BANDING PANTS LIGHT BLUE,3.3 FIELD TRIP,409900,https://a-land.id/id/products/crease-banding-pants-light-blue
BELTED SLEEVELESS BLOUSE IVORY,3.3 FIELD TRIP,679900,https://a-land.id/id/products/belted-sleeveless-blouse-ivory
BELTED SLEEVELESS BLOUSE NAVY,3.3 FIELD TRIP,679900,https://a-land.id/id/products/belted-sleeveless-blouse-navy
COTTON RIBBON BALLOON SKIRT LIGHT GREY,3.3 FIELD TRIP,539900,https://a-land.id/id/products/cotton-ribbon-balloon-skirt-light-grey
COTTON RIBBON BALLOON SKIRT BEIGE,3.3 FIELD TRIP,539900,https://a-land.id/id/products/cotton-ribbon-balloon-skirt-beige
COTTON RIBBON BALLOON SKIRT IVORY,3.3 FIELD TRIP,539900,https://a-land.id/id/products/cotton-ribbon-balloon-skirt-ivory
FLOWER PUNCHING MINI SKIRT BLACK,3.3 FIELD TRIP,539900,https://a-land.id/id/products/flower-punching-mini-skirt-black
FLOWER PUNCHING MINI SKIRT IVORY,3.3 FIELD TRIP,539900,https://a-land.id/id/products/flower-punching-mini-skirt-ivory
LACE BANDING SHORTS IVORY,3.3 FIELD TRIP,539900,https://a-land.id/id/products/lace-banding-shorts-ivory
LACE BANDING SHORTS NAVY,3.3 FIELD TRIP,539900,https://a-land.id/id/products/lace-banding-shorts-navy
BERMUDA POCKET DENIM SHORTS DARK BLUE,3.3 FIELD TRIP,679900,https://a-land.id/id/products/bermuda-pocket-denim-shorts-dark-blue
SECTIONED SLEEVELESS DRESS LIGHT BEIGE,3.3 FIELD TRIP,809900,https://a-land.id/id/products/sectioned-sleeveless-dress-light-beige
SECTIONED SLEEVELESS DRESS NAVY,3.3 FIELD TRIP,809900,https://a-land.id/id/products/sectioned-sleeveless-dress-navy
PRINTED ZIP-UP SWEATSHIRT LIGHT BLUE,3.3 FIELD TRIP,679900,https://a-land.id/id/products/printed-zip-up-sweatshirt-light-blue
